1,Tabby,Kołczygłowy,120197
2,Wake,Bandundu,335958
3,Adara,Rila,335907
4,Dud,Intipucá,319480
5,Laural,Yanwan,489382
6,Thorin,Mulino,441929
7,Gerrie,Sacramento,444869
8,Viviene,Xujiafang,66966
9,Shena,Brovary,148135
10,Bobby,San Isidro,293357
11,Maximo,Zhangxiang,278330
12,Loleta,Mbumi,236823
13,Chiarra,Ta‘izz,231681
14,Hetty,Mangero,93894
15,Emanuel,Sawin,469704
16,Prudy,Palhais,111205
17,Elise,Mengyin,26119
18,Mabelle,Dami,158099
19,Etti,Suresnes,257981
20,Buddy,Perpignan,470100
21,Ferdinanda,Medicine Hat,271712
22,Stepha,Thorpe,41647
23,Cosimo,Donja Mahala,33250
24,Cyb,Cuchumbaya,429154
25,Stormie,General San Martín,458435
26,Carl,Larangan,478259
27,Linn,Na Chaluai,390858
28,Kayne,Medzhibozh,171193
29,Dietrich,Birqīn,267351
30,Haleigh,Mengla,261688
31,Ardith,Jintan,94228
32,Barnaby,Alqueidão,23119
33,Arabelle,La Molina,335790
34,Alana,Drajak,412100
35,Kyla,Zouila,404461
36,Costa,Sanshui,242458
37,Bird,Hebu,275397
38,Tyrus,Yanggang,140720
39,Arabella,Dadong,61649
40,Alfons,Gonghe,270744
41,Emmy,Ganting,97325
42,Phillipp,Rakitnoye,197173
43,Nikolia,Saryg-Sep,99037
44,Ludwig,Bongsri,473033
45,Jenni,Mapiripán,470076
46,Dannie,Gwangju,266653
47,Abdel,Arjasari,371139
48,Jermaine,Itaperuna,160352
49,Oralee,Markala,484215
50,Sergio,Sucre,246840
51,Hashim,Sabandia,262977
52,Hatti,Novopokrovskaya,89531
53,Doralia,Kirawsk,450505
54,Darn,Rennes,386612
55,Keefer,Askaniya Nova,392494
56,Glynnis,Bagadó,34228
57,Ali,Gala,270094
58,Pablo,Wu’erbu Baolige,105506
59,Con,Valle de Guanape,135378
60,Christabel,Airmata,203360
61,Timmy,Madīnat ash Shamāl,272227
62,Rolph,Asadābād,70830
63,Nobie,Shatian,172206
64,Kamila,La Concepcion,85365
65,Ardath,Bizhou,409432
66,Lorry,Břasy,382819
67,Hadleigh,Lokuuy,251247
68,Raf,Piraju,136795
69,Guss,Florianópolis,61141
70,Elle,Temara,148063
71,Fenelia,Lephalale,304065
72,Ortensia,Ždánice,89389
73,Dunc,Altıağac,328174
74,Bride,Sanhui,435779
75,Hillary,Jabłonica Polska,301338
76,Joann,Nanshan,257651
77,Claiborn,Além,319375
78,Mae,Bereeda,272997
79,Jan,Boavista,238226
80,Paquito,Caleufú,323510
81,Jyoti,Sundbyberg,249789
82,Rouvin,Lloydminster,339970
83,Renaud,Mizhirah,62404
84,Andreas,Byera Village,21250
85,Darill,La Palma,445420
86,Alex,Kirzhach,102148
87,Prinz,Shitang,243457
88,Kaitlin,Atyrá,481959
89,Terri-jo,Florida,255473
90,Puff,El Progreso,141206
91,Elnar,San Marcos,251550
92,Artemus,Pöytyä,65220
93,Luce,Chābahār,216361
94,Keven,Igang,413877
95,Anya,Chư Prông,235244
96,Guglielma,Bolanon,120252
97,Alden,Choibalsan,119141
98,Geordie,Bangad,395879
99,Rozanna,Intendente Alvear,250076
100,Park,Gereneng,253796
101,Teodoro,Villamontes,220064
102,Tabbie,Malaya Purga,456531
103,Damian,Rozhniv,480970
104,Isa,Caluire-et-Cuire,95704
105,Stephie,Wonocolo,131683
106,Worthington,San Pablo,212612
107,Adi,Laholm,280300
108,Charmaine,Neob,458735
109,Lay,Bonebone,376214
110,Darcee,Kostopil’,375248
111,Brandie,Maumere,77721
112,Jerad,Jia’an,331658
113,Vikki,Belanting,417471
114,Kacie,Soloneshnoye,236793
115,Alverta,Tamanan,45596
116,Jayme,Nilanapo,148064
117,Flinn,Hīt,38988
118,Terza,Tengah,299892
119,Willard,Ngluwuk,445056
120,Ax,Yangdu,397895
121,Daffy,Daxindian,229691
122,Kristoffer,El Peñón,22652
123,Bay,Kamienna Góra,317085
124,Gussie,Boisbriand,337320
125,Hynda,Alīpur,323956
126,Haslett,Liloan,83688
127,Devinne,Shajing,97121
128,Hilde,Kadujajar,38111
129,Berta,Alcoy,293790
130,Pepillo,Sambir,115554
131,Shauna,Guluoshan,140873
132,Estel,Loket,464160
133,Alena,Bizhou,306587
134,Udell,Valencia,431391
135,Golda,Rublëvo,259425
136,Lorna,Nanguzhuang,492375
137,Rodney,Gunungmanik,308867
138,Alessandra,Xincheng,403871
139,Niles,Färjestaden,373278
140,Gustavus,Oodweyne,336706
141,Selma,Changning,496013
142,Morgen,Palampal,453741
143,Kathi,Dasha,151479
144,Chelsie,Miaoshi,428592
145,Archaimbaud,Sloboda,131921
146,Mattias,Orita Eruwa,483121
147,Sallyanne,Montreuil,359212
148,Kessiah,Bilohirs’k,297640
149,Brier,Pursat,486204
150,Em,Barabedang,485902
151,Robbie,Longxing,162905
152,Shirleen,Oekefan,400977
153,Marijo,Francova Lhota,488801
154,Raychel,Si Prachan,247848
155,Yoko,Freguesia do Ribeirao da Ilha,414050
156,Corena,Veiga,375806
157,Salomi,Nine,142257
158,Hertha,Krynychky,391341
159,Kris,Trubchevsk,69572
160,Wallis,Patea,138068
161,Leif,Castelo,369569
162,Dorie,Niort,105833
163,Darsie,Šenkovec,389185
164,Caro,Guarulhos,203455
165,Bea,Liutao,219023
166,Kathe,Bhola,382810
167,Jocelin,Nanjie,38432
168,Terence,Mairiporã,115250
169,Mycah,Pende,118862
170,Pauline,Kansas City,385731
171,Lyssa,Jianxi,148126
172,Jaquelyn,Cayambe,10881
173,Meridel,Douala,336351
174,Borden,Kertayuga,315478
175,Lennard,Komarno,95720
176,Guendolen,Diofior,175007
177,Vikki,Shuangkou,373014
178,Arley,Wangong,461741
179,Ozzy,Mizusawa,361853
180,Burr,Riihimäki,16795
181,Nariko,As Salţ,301655
182,Grazia,Habartov,372917
183,Ingaberg,Vokhaïkó,268436
184,Oralla,Vicente Guerrero,250694
185,Conn,Jagong,427892
186,Bryon,Tongli,436426
187,Greer,Şirvan,194942
188,Rickie,Poncokusumo,273373
189,Fairleigh,Perpignan,140148
190,Claiborne,Pamungguan,478226
191,Alexandre,Tanggung,115812
192,Olga,Tetandara,74807
193,Rutherford,Ryglice,85968
194,Barnard,Ermelo,192104
195,Raddy,Tsalgar,111706
196,Cosme,Barão de Melgaço,416432
197,Camellia,Les Sables-d'Olonne,201811
198,Levi,Nîmes,148287
199,Monty,Artemisa,131311
200,Kenneth,Phuket,418871
201,Grove,Tân Việt,358311
202,Der,Chalcos,329701
203,Diann,Likwatang Timur,398580
204,Marleen,Log,146828
205,Wilmar,Paobulan,227590
206,Malina,Lafiagi,165987
207,Derk,Si Satchanalai,394884
208,Debera,Sembon,308663
209,Felice,Töysä,49745
210,Ernesta,Póvoa,390660
211,Gladi,Manizales,435798
212,Ingelbert,Krajan Timur Mlokorejo,382913
213,Amber,Jinchuan,108321
214,Devonne,Łapczyca,161099
215,Heidie,Hang Dong,10289
216,Flem,St. Catharines,373596
217,Mac,Songhe,107572
218,Madalena,Menggusi,243420
219,Corinne,Saint Pierre,101562
220,Sherwood,San Agustín de Valle Fértil,477102
221,Shannon,Larnaca,356277
222,Violet,Hörby,477414
223,Sol,Dongxiao,10366
224,Pernell,Tongda,292870
225,Vallie,Taunan,323898
226,Isaak,Taipingchuan,493768
227,Holli,Sivers’k,141549
228,Shermy,Al Ghāriyah,116499
229,Chadd,Banjarejo,331406
230,Keriann,Jarošov nad Nežárkou,275507
231,Walther,Donghu,316825
232,Karyn,Montbrison,131954
233,Jone,Pregonero,484408
234,Kimbra,Fleury-les-Aubrais,61581
235,Cathryn,Cachan,342651
236,Shelba,Archángelos,15239
237,Kally,Jerusalem,75784
238,Bertie,Aime,121959
239,Domini,Jinchang,432467
240,Kayla,Tororo,334962
241,Herve,Agualva,134267
242,Winna,Ash Shaḩānīyah,64306
243,Alix,Glamoč,379353
244,Phyllys,Zhenwen,412682
245,Yorke,Xinghe Chengguanzhen,175145
246,Frans,Tubod,438449
247,Debbie,Parung,52971
248,Rodney,Juupajoki,273536
249,Fern,Longuita,405997
250,Ilsa,Dniprodzerzhyns’k,242024
251,Windy,Yantan,429398
252,Lesly,Examília,178794
253,Oralle,Santiago De Compostela,432760
254,Parsifal,Camp Thorel,356386
255,Monty,Chartres,360765
256,Pavel,Qarshi,241106
257,Marilin,Chaplygin,68410
258,Raphael,Cherryville,60538
259,Jedediah,São Pedro da Aldeia,214005
260,Alexa,Montpellier,172348
261,Lizzie,Fujioka,482825
262,Ty,Rukem,161525
263,Hedvig,Gunungsubang,158998
264,Lenore,Sukadana Selatan,60777
265,Dominic,Hujra,125094
266,Butch,Haczów,98922
267,Gerrard,Granja,148343
268,Kirby,Kōfu-shi,350046
269,Rurik,Cafayate,169172
270,Maisie,Gambut,430300
271,Abdel,Newbiggin,131801
272,Adham,Bashan,489395
273,Keelby,Luis Donaldo Colosio,107926
274,Charmaine,Guinoaliuan,209360
275,Aggie,Kesambilerenkrajan,304799
276,Birgitta,Tambovka,135500
277,Conni,Mantampay,327319
278,Kiri,Gajrug,252061
279,Milli,Basyūn,369063
280,Davis,Palmira,379548
281,Hewett,Hepingyizu,97168
282,Aili,Akhtopol,142082
283,Adriaens,Reforma,99356
284,Sacha,Ovacik,73725
285,Hayden,Xuxiake,488212
286,Latrena,Épinal,220021
287,Caye,Hargeysa,257012
288,Humberto,Pukou,361410
289,Shepard,Xinglong,78936
290,Whittaker,Charleston,335816
291,Tyrus,Rat Burana,404903
292,Elena,Chiscas,285083
293,Washington,Pasirreungit,195380
294,Sheena,Uzgen,294444
295,Carmen,Cayenne,21151
296,Thurstan,Baiqi,39295
297,Ethelyn,Batad,189531
298,Oswald,Alicante/Alacant,182372
299,Leola,Welibo,341662
300,Gabrielle,Luzhai,419177
301,Jeanette,Paloh,386471
302,Urbano,Caetité,435883
303,Benjy,Lào Cai,276172
304,Ozzie,Guayaramerín,458120
305,Merline,Huilong,289629
306,Nefen,Xintaimen,182869
307,Aloise,Kuniran,133929
308,Murial,Hutang,453908
309,Tressa,Kaznějov,454976
310,Hattie,Bù Đốp,10976
311,Maegan,Morales,291975
312,Raviv,Lingcheng,21226
313,Anastasie,Niort,131529
314,Fredrick,Riangwale,408864
315,Randene,São Brás de Alportel,70527
316,Marlena,Karangtawar,423894
317,Kirstin,Zhen’an,386921
318,Rodger,Sancha,99320
319,Louisette,Kurzętnik,119747
320,Caprice,Metchosin,230336
321,Moreen,Sibubuhan,71967
322,Orran,Bourgoin-Jallieu,286212
323,Farrell,Gaotuo,412536
324,Doris,Bulungu,12299
325,Tracey,Zolotonosha,241160
326,Maribeth,Simabur,269736
327,Eziechiele,Kamimaruko,465424
328,Basia,Pivijay,221909
329,Stefa,Balong Wetan,496613
330,Rona,Cho-airong,309294
331,Blinny,Gijon,109257
332,Davine,Jinping,331775
333,Leopold,Olofström,216392
334,Booth,‘Aqrah,217248
335,Orren,Kamenka,286159
336,Bevon,Quimilí,384306
337,Rabi,Bulog,55690
338,Carla,Atyrá,298561
339,Ronalda,Kingisepp,54027
340,Janetta,Los Patios,280358
341,Kata,Shangyuan,62792
342,Felicia,Fomento,201603
343,Paxton,Longhe,63501
344,Rodge,Kasongo,65410
345,Brianna,Moutas,493058
346,Molly,Davila,120969
347,Vita,Nice,132717
348,Sebastian,Kisii,223317
349,Cristen,Dushi,139422
350,Fons,Labuhantanggabesar,132677
351,Annabell,Kokubu-matsuki,487676
352,Clemens,Puerto Ayacucho,396532
353,Lindsey,Shibukawa,28145
354,Gilles,Omboué,471489
355,Shelly,Kizlyar,294591
356,Brietta,Nehe,119512
357,Gilles,Xushan,56439
358,Mela,Mary,196726
359,Tully,Sandviken,477307
360,Sloane,Berëzovyy,452970
361,Ealasaid,Matara,352748
362,Jocelin,Spirovo,167872
363,Michal,Avallon,106289
364,Yolane,Katima Mulilo,346938
365,Krysta,Songgang,87771
366,Katheryn,Luoxi,438159
367,Kathryn,Taman,434250
368,Nichols,Barranqueras,226559
369,Jerrome,Honggang,69732
370,Harlan,Houping,306847
371,Lorne,Eirado,331143
372,Nanni,Sumbersewu,389758
373,Bennie,Indianapolis,141742
374,Nessa,Tambakan,221680
375,Frants,Amagarapati,357170
376,Kaia,Llama,28604
377,Danyelle,Zhentou,224122
378,Allen,Qilin,331456
379,Deni,Fryčovice,206983
380,Ilyssa,Miratejo,77162
381,Constantine,Orlândia,425735
382,Lezley,Puente Nacional,487719
383,Carol-jean,Murcki,336810
384,Delores,Prado,132399
385,Tova,Arys,478137
386,Banky,Seattle,159706
387,Hortensia,Nu’erbage,13667
388,Hedvig,Padangbai,138382
389,Denny,Arrah,363665
390,Gideon,Kristianstad,319863
391,Wilbert,Mbongawani,235815
392,Gretna,Gongchang,252936
393,Domenico,Momignies,101341
394,Elsi,San Antonio Oeste,95314
395,Yank,San Bernardo,432990
396,Magda,Pashiya,379445
397,Myrtice,Delft,208895
398,Jillane,Yonghe,47529
399,Ebenezer,Terbangan,399994
400,Bonnibelle,Bromma,339837
401,Pris,Yanjiang,395063
402,Ollie,Mocoa,440690
403,Nap,Āsmār,144077
404,Alis,Tagog,446407
405,Mead,San Antonio,473926
406,Bobby,Lianozovo,35633
407,Rudolph,Heilbronn,274395
408,Hinda,Rancabolang,420908
409,Rowney,Münster,247231
410,Bernita,Mandala,318490
411,Thurstan,Parksville,268882
412,Maje,Porto Calvo,339199
413,Fay,Ecilda Paullier,304586
414,Birgitta,Santiago de Chuco,163831
415,Nonnah,Barajevo,94338
416,Charyl,Nazaré,306875
417,Tabina,Cruz Alta,258871
418,Gussi,Xijiang,356858
419,Sheff,Yangzi,215992
420,Kaspar,Shuidun,283095
421,Ruddie,Novyye Kuz’minki,92780
422,Dorry,Gorzyce,259935
423,Harland,Bemposta,459617
424,Lilith,Emiliano Zapata,436775
425,Marillin,Sukolilo,354785
426,Obadiah,Wenxing,369308
427,Buffy,Sunfang,218559
428,Glad,Ica,186067
429,Gretal,Guimarei,453793
430,Roosevelt,Soca,123157
431,Ailey,Cikarang,463135
432,Matelda,Miass,449209
433,Fin,Baguio,358170
434,Anastasie,Górzno,447101
435,Harp,Ensanche Luperón,83446
436,Ollie,Zlatograd,148989
437,Anthony,Pigí,296011
438,Lulu,Shawnee Mission,335895
439,Kameko,Alagoinhas,467286
440,Isador,Zaslawye,166878
441,Cornelius,Gavrilov-Yam,87211
442,Esme,Portela,237873
443,Marc,Tatarka,284513
444,Cchaddie,Kalmar,180291
445,Sybille,Wādī al ‘Uyūn,41203
446,Alma,Matina,58767
447,Del,Mamponteng,362884
448,Abigael,Zhongxing,338269
449,Quinn,Malaga,179580
450,Joela,Villa Alemana,439996
451,Erinna,Jinzipai,172329
452,Leora,Mem Martins,429185
453,Ophelie,Yigo Village,466985
454,Saunderson,Tsaghkadzor,106700
455,Timothy,Greenwood,380917
456,Carina,Mesa,382261
457,Joycelin,Wenceslao Escalante,258988
458,Jennee,Surubim,95093
459,Colet,Dzoraghbyur,48231
460,Merilee,Shahe,446139
461,Goddard,Lamarosa,101059
462,Florance,Yaurisque,276390
463,Hercule,Araucária,271325
464,Greer,Gainesville,13637
465,Daryl,Shah Alam,226245
466,Ronald,Uruobo-Okija,499138
467,Gretel,Jianshe,405221
468,Halsy,Vinež,242740
469,Ax,Luftinjë,299101
470,Robers,Vidzy,11988
471,York,Aubervilliers,470954
472,Veronique,Chenārān,277298
473,Blaine,Angra dos Reis,236862
474,Dun,Hongguang,141595
475,Aluino,Jistebník,429557
476,Constancia,Kraczkowa,98550
477,Billy,La Ligua,118147
478,Valeda,Debrzno,362214
479,Rutger,Colmar,45228
480,Codi,Verona,143218
481,Briggs,Xinhua,241179
482,Terri,Banana Village,282734
483,Olva,Macheng,237676
484,Kiah,Yucheng,55243
485,Erwin,Labuhantanggabesar,133413
486,Kary,Medaya,112306
487,Susette,Bafoulabé,128835
488,Griffin,Tomiya,109896
489,Felicle,Tianxin,197726
490,Cecilius,Xinchengzi,351783
491,Marget,Floreşti,380278
492,Edlin,Yingshouyingzi,495879
493,Basilius,Numazu,497878
494,Danyelle,Ipoh,71943
495,Farrah,Puerto Alto,194074
496,Clarice,Porto Alto,278948
497,Dorelle,Citundun,484933
498,Nisse,Mŭglizh,361204
499,Clemente,Kostel,172853
500,Courtney,Vitry-sur-Seine,73104
501,Leonore,Leopoldina,276581
502,Chet,Haiyan,413093
503,Dalenna,Sacanche,335826
504,Cord,Belz,414250
505,Marsha,Mamfe,172484
506,Costa,Wushi,379309
507,Cirstoforo,Mitry-Mory,295298
508,Burgess,Centurion,251106
509,Bethena,Dillenburg,35381
510,Benedikta,Loshnitsa,262569
511,Mavis,Paris 01,451276
512,Sean,Tateyama,58162
513,Demetri,Balsas,383123
514,Lewie,Kushiro,52896
515,Corney,Santa Fe,311538
516,Tawnya,Bunut,34606
517,Jessey,Ziniaré,370574
518,Anson,Pasirreungit,35020
519,Rosanna,Xizhong,167789
520,Dorolice,Mukun,483012
521,Belita,Bulqizë,421148
522,Tirrell,Sinargalih,252938
523,Lissi,Alta Gracia,200740
524,Mendy,Khairpur,377186
525,Remington,Dajianchang,431121
526,Geoffry,Liugou,171874
527,Sarette,Wanjiazhuang,156305
528,Boyce,Sidi Yahia el Gharb,403493
529,Woodie,Omaha,94884
530,Livvie,Purda,243833
531,Annmaria,Liloan,363733
532,Evelyn,Chone,230116
533,Harmony,Cambará,459517
534,Abran,Lugait,481090
535,Noach,Pleasant Point,426301
536,Chicky,Korczew,50174
537,Sharlene,Santo Adrião Vizela,469848
538,Odele,Qiaotou,270417
539,Garfield,Xinshi,319889
540,Atlante,Blahodatne,417986
541,Eirena,General Enrique Godoy,125203
542,Fanechka,Beicheng,480352
543,Chaddy,Krmelín,117351
544,Magda,Göteborg,382470
545,Caro,Vyselki,352268
546,Megen,San Kamphaeng,128000
547,Edita,Panevėžys,253330
548,Ferguson,Sukadana,491229
549,Ambros,Ciklapa,278062
550,Cassius,Agios Dimitrios,476839
551,Thurstan,Sosnowiec,106793
552,Lanny,Černá Hora,425672
553,Vaughan,Kérkyra,250587
554,El,Simo Satu,286175
555,Carena,Meicheng,409757
556,Kristien,Itapetinga,332139
557,Caron,Pasirmanggu,497141
558,Verina,Wageningen,481860
559,Cammi,Borovan,389509
560,Maitilde,Camangcamang,289446
561,Druci,Sukolilo,369604
562,Lanni,Golema Rečica,331089
563,Merna,Murtajih,452088
564,Lacy,Balagon,488531
565,Holly,Jun’an,87821
566,Nonah,Mandesan,428257
567,Gawain,Gunungputri,244377
568,Rollin,Saripin,14450
569,Quintana,Wan’an,135436
570,Andras,Jiangchuan,145125
571,Cleopatra,Hanna,396115
572,Walther,Wakema,376794
573,Murdoch,Banjar Sembunggede,77184
574,Matt,Kontagora,434449
575,Lee,Saint-Nazaire,175989
576,Broddie,Dongjin,166343
577,Meridel,Santa Rita Aplaya,192208
578,Wyatt,Weiyang,414981
579,Delainey,Tengrela,163823
580,Janis,Matiompong,140108
581,Krispin,Buaran,301521
582,Forrester,Casalinho,488118
583,Griffie,San Francisco de Coray,481106
584,Sigfried,Shaoguan,84833
585,Marven,Barong,221623
586,Welsh,Guanzhou,202048
587,Oralia,Gondang,50810
588,Muire,Cerna,147921
589,Noella,Non Sila,333750
590,Mano,Staroutkinsk,438628
591,Shel,Mandala,206330
592,Manuel,Silute,194564
593,Brier,Cam Ranh,333461
594,Maryjane,Swedru,193935
595,Kelly,Sinarjaya,61511
596,Sidoney,Oxbow,377458
597,Craig,Cruzília,94157
598,Bartram,Yanfolila,189268
599,Jami,Luobei,118449
600,Agosto,Batumi,352565
601,Vincenz,Phoenix,324554
602,Crysta,Frutillar,221286
603,Talia,Gedera,455061
604,Torre,Negotino,476780
605,Keene,Kosino,229222
606,Joanna,Itapevi,130225
607,Shadow,Yushu,430403
608,Adriana,Tiên Lãng,59277
609,Charyl,Karsin,446924
610,Elana,Suita,307377
611,Ruthi,Houston,207229
612,Ursulina,Makungu,208352
613,Dionne,Paris 18,36235
614,Eveleen,Akim Oda,13073
615,Dylan,Bununu Kasa,235087
616,Ignazio,Guabito,194615
617,Ephrem,Krasnogorskiy,365560
618,Sybila,Pasar,331711
619,Olvan,Wewoloe,120995
620,Mable,Yutan,380044
621,Ethelyn,Arpajon,383147
622,Eddy,Sungaipuntik,357883
623,Marj,Hwaseong-si,72730
624,Catarina,Daultāla,451226
625,Rudd,Pyhäjoki,237279
626,Colin,Uppsala,94645
627,Gabbie,Evansville,75779
628,Ashlan,Traganón,287497
629,Leigh,Göteborg,417950
630,Zorana,Gueltat Zemmour,89456
631,Worden,Santa Clara,474757
632,Kippie,Tarnogskiy Gorodok,461216
633,Chadwick,Stulovo,146290
634,Cara,Renhe,146630
635,Evelin,Grenoble,67527
636,Tynan,Leuwihalang,395615
637,Parnell,Angers,206041
638,Llywellyn,Desē,330169
639,Alaster,Dongji,211612
640,Rene,Sebedo,146783
641,Morissa,Moijabana,378967
642,Sarge,Tabonoc,217446
643,Keriann,Wangji,91285
644,Amby,Vigo,172323
645,Ferguson,Oudtshoorn,15441
646,Odelle,Tržič,164048
647,Reinhold,Carmen de Viboral,405854
648,Evelina,Fujinomiya,404222
649,Eddi,Brumadinho,187290
650,Johny,Hendala,116024
651,Eldredge,Cungapmimbo,127896
652,Tony,Sucha,161968
653,Cristionna,Sukogunungkrajan,217913
654,Lisha,Tyshkivka,151599
655,Ronnie,Buea,144792
656,Lorne,Khust,42244
657,Bellina,Motupe,276579
658,Rollin,Ulundi,485549
659,Idelle,Cambas,21863
660,Sasha,Shuishaping,465720
661,Patrizius,Vredefort,83790
662,Berny,Verkhnya Syrovatka,356779
663,Maxy,São Paulo,10300
664,Culver,Youssoufia,124102
665,Crichton,Pahonjean,29764
666,Melvyn,Pasanggrahan,200070
667,Putnem,Beberibe,338687
668,Chaddie,Ōkawa,286480
669,Igor,Rodas,143539
670,Rosabelle,Shuijiang,313060
671,Shadow,Kainan,199799
672,Rasla,Huji,204054
673,Ramsay,Belo sur Tsiribihina,48667
674,Alistair,Golacir,455625
675,Domini,Rio Grande da Serra,198194
676,Alie,Ndofane,335678
677,Flemming,Kwali,246070
678,Colan,Västervik,307128
679,Alina,Bangued,298568
680,Kinnie,Wisznice,193334
681,Meredith,Takahata,461410
682,Jackelyn,Buenos Aires,374443
683,Karmen,Igbeti,458727
684,Matelda,Hang Dong,33833
685,Paula,Lindavista,57009
686,Selina,Sacanche,171973
687,Em,Kamyanyets,497973
688,Gabbi,Masumbwe,192189
689,Jacki,La Vega,201404
690,Hewet,Sechelt,87145
691,Jennilee,Camias,191325
692,Ferne,Jingouhe,223846
693,Brenna,Banaba,77685
694,Cesya,Tigbaw,86765
695,Anderson,Cikadu,83920
696,Dukie,Cikondang,466908
697,Krispin,Ciemas,67056
698,Care,Villa Gesell,393057
699,Karney,Mertert,311260
700,Sim,Amaraji,176155
701,Phylys,Rayevskaya,334431
702,Maria,Shuiyuan,289010
703,Verena,Cajazeiras,417822
704,Aurelia,Chavão,328586
705,Yoshiko,Dalongzhan,22800
706,Maribeth,Palmas Bellas,47200
707,York,Stockholm,226201
708,Yolanthe,Žirovnice,263246
709,Shanon,Lavrica,160808
710,Andrew,Rancagadog,106486
711,Giles,Kakuda,417910
712,Gabie,Mojolampir,315451
713,Chantalle,Villa Bustos,484674
714,Emmett,Malabugas,416474
715,Malia,Staryy Krym,405817
716,Carlin,Fengcheng,12823
717,Vergil,Onsala,158991
718,Nanni,Pećigrad,305279
719,Jammal,Montelíbano,476918
720,Dinnie,Werangere,258988
721,Giuditta,Yacheng,176080
722,Enrichetta,‘Attīl,193354
723,Cacilie,Al Mazra‘ah ash Sharqīyah,291609
724,Curran,Jagong,415840
725,Cristin,Hantara,12784
726,Johnath,Besançon,174484
727,Sherwood,Klapagading,94627
728,Alfi,Krajanjugosari,379667
729,Weidar,Caleta Olivia,403710
730,Janela,Daming,184465
731,Glennie,Langchi,149798
732,Maddy,San Jorge,79921
733,Niccolo,Midões,412896
734,Constance,Kaduy,350237
735,Tybalt,Uddevalla,169121
736,Arney,Mariano Moreno,111966
737,Corly,Baima,69667
738,Bram,Tetebatu,30941
739,Mariana,Karabudakhkent,377154
740,Erwin,Tisma,325935
741,Benoit,Mae Lao,126284
742,Bret,Geji,390394
743,Gael,Bungoma,428418
744,Gillie,Créteil,123772
745,Wren,Mabai,389892
746,Archibald,Al Qamşīyah,372816
747,Raine,Rāwandūz,19117
748,Wynn,Krasnoznamensk,364097
749,Ellynn,Duancun,367713
750,Gaylord,Tetandara,437391
751,Ginnie,Dingli,26836
752,Nollie,Uyugan,389436
753,Lion,Kongjiafang,44234
754,Leupold,A’yi Take,64766
755,Bonnibelle,Ducheng,179220
756,Tessie,Buea,365501
757,Miof mela,Ballina,13758
758,Delmar,Huafeng,353531
759,Sharyl,Duran,26073
760,Susanne,Dongtuan,195897
761,Camile,Ban Lŭng,85279
762,Ansley,El Limón,312547
763,Joice,Göteborg,459450
764,Far,Didian,200564
765,Inger,Non Suwan,31971
766,Debbi,Bluri,156898
767,Joan,Maikawada,409212
768,Gabrielle,Sokolov,451711
769,Elyse,Karlivka,456280
770,Anastasia,Katori-shi,137973
771,Bronson,Yylanly,170715
772,Marylin,Lianyi,155406
773,Anissa,Puerto La Cruz,268390
774,Melloney,Hoàn Kiếm,462136
775,Helsa,Parchal,97866
776,Carlie,Xitieshan,465207
777,Lucine,Bendo,37245
778,Alexi,Götene,402100
779,Mandie,Compiègne,430338
780,Leone,Kabin Buri,98928
781,Edwina,Gaspar Hernández,74624
782,Gilda,Anserma,131873
783,Isidore,Jurm,11484
784,Mattie,Nkongsamba,313712
785,Hastie,Novorossiysk,452231
786,Misha,Chambéry,131155
787,Orson,Qiulu,402709
788,Gwenni,Corona,436842
789,Cob,Bol’shaya Setun’,93607
790,Yevette,Longtang,43988
791,Gabbie,Marisol,172853
792,Brewster,Tamanan,222159
793,L;urette,Gaoyan,77869
794,Trudi,Sandakan,230666
795,Brook,Olleros,229287
796,Cozmo,San Juan Opico,317270
797,Mikkel,Cergy-Pontoise,191444
798,Glynda,Thị Trấn Kim Tân,440150
799,Myer,Grande Rivière Noire,267726
800,Ringo,Tallahassee,175293
801,Angus,Mölndal,486033
802,Jada,K’olīto,360045
803,Isadore,Yebaishou,156689
804,Mickie,Ayotupas,192409
805,Timmie,Guernica,316924
806,Renata,Nijmegen,421339
807,Cathi,Jagupit,342213
808,Jacintha,Picassinos,343732
809,Barry,Pakapasan Girang,449290
810,Alvy,Huang’ao,134784
811,Giles,Düsseldorf,249643
812,Johannes,Balakasap,44525
813,Joya,Letpandan,38151
814,Alina,Yiliu,394251
815,Chrissy,Kambaxoi,288014
816,Priscella,Amphoe Sikhiu,177397
817,Rosemaria,Las Flores,74246
818,Phil,Burmakino,60579
819,Melania,Sumberingin Kulon,48980
820,Phyllys,Niejiahe,206156
821,Codi,Czerniewice,306301
822,Athena,Laventure,99975
823,Rhianna,Wengtian,255454
824,Kara,Nagrog,227251
825,Herta,Jetak,202520
826,Brice,Wufu,338417
827,Gayle,Santiago,377728
828,Brinna,Tromsø,199991
829,Scotti,Passa Quatro,450942
830,Paulette,København,11391
831,Romonda,Orlando,125447
832,Oran,Kolbuszowa,132115
833,Artie,Kristianstad,254512
834,Rheta,Karangsonojabon,71077
835,Demetria,Caen,343470
836,Kaitlyn,Bangunharja,27459
837,Charleen,Kalety,255453
838,Caresse,Nova Iguaçu,452093
839,Ricca,Jiajiaying,139952
840,Massimiliano,Dongshan,152669
841,Emylee,Jiuguan,78809
842,Suzanna,Harjamukti,381607
843,Chelsey,Majalengka,34160
844,Annmarie,Balpyk Bī,72128
845,Konrad,Aya,314640
846,Brittne,Taoyuan,193679
847,Dene,Sultan Kudarat,451990
848,Alvira,Changlin,94465
849,Francisca,Gò Dầu,251695
850,Neal,Serawai,268954
851,Moore,Hadano,377272
852,Jocko,Santo Domingo Oeste,26238
853,Vin,Valence,152939
854,Lelah,Jieheshi,390980
855,Joel,Tunguang,467989
856,Morty,Bambali,473816
857,Tamar,Hushan,240054
858,Helen,Rönninge,365992
859,Clement,Sanguansi,138829
860,Jasper,Portel,66012
861,Georgie,San Francisco,308490
862,Christina,Kabacan,305801
863,Elora,Gobabis,373131
864,Skylar,Omaha,428191
865,Michaela,Pehuajó,149412
866,Inessa,Glad,204005
867,Faydra,Banamba,98270
868,Bette,Itapetininga,313535
869,Ivor,Châtillon,328065
870,Oren,Boca Suno,97014
871,Hastie,Cadiz,366641
872,Essie,Sioguí Abajo,376586
873,Scottie,Sizao,413618
874,Paolo,Santiago de María,105289
875,Cy,Thymianá,66699
876,Melva,Hikkaduwa,378483
877,Lonny,Jedlina-Zdrój,334898
878,Glynis,Herāt,291876
879,Killy,Acobambilla,53775
880,Fairleigh,Severomorsk,246828
881,Claudell,Sorongan,233324
882,Addi,Kokagax,283669
883,Kariotta,Aizkraukle,56107
884,Rosemary,Dapdap,482168
885,Ethelin,Nangerang,125847
886,Perry,Cherryville,76974
887,Kendrick,Strážná,144422
888,Laurice,Suresnes,381329
889,Coletta,Rogowo,154403
890,Andros,Franco da Rocha,54496
891,Griff,Mathba,105468
892,Alissa,Kajiki,283747
893,Pearl,Punta Cana,179597
894,Abbey,Leuwipicung,465171
895,Cecelia,Shanjiang,429979
896,Poppy,Vegreville,480381
897,Case,Shimanovsk,44498
898,Bartel,Abuochiche,428679
899,Drusie,Daqiao,13810
900,Minetta,Hanchang,120085
901,Kellina,Guji,484836
902,Neda,Saxin,163589
903,Hanan,Mariquita,85574
904,Domeniga,Preobrazhenka,367079
905,Pauly,Panao,346652
906,Milzie,Kerrouchen,178569
907,Ricoriki,Salamanca,359744
908,Clayton,Taquaritinga,337674
909,Hanna,Mirriah,353997
910,Gwyn,Itajubá,66544
911,Joannes,Pueai Noi,92633
912,Phaidra,Manamrag,422205
913,Clint,Şabbūrah,418497
914,Milissent,Boquira,153623
915,Sisile,Sol’-Iletsk,418279
916,Janelle,Laurel,268975
917,Fredelia,Zhuxi Chengguanzhen,14135
918,Tessie,Lazaro Cardenas,387724
919,Rayshell,Nanyulinxi,320135
920,Kippy,Miandrivazo,168243
921,Nomi,Sala,339514
922,Raul,Xiumei,468656
923,Boycey,Kyperoúnta,279970
924,Augusto,Biwer,204060
925,Lorant,Maras,149980
926,Danielle,Lamarosa,455217
927,Napoleon,Al Khāniq,469429
928,Crystie,Azinhal,375053
929,Laurella,Kuching,163389
930,Vernor,Torslanda,353590
931,Darya,Tunduma,197012
932,Owen,Kharkiv,131835
933,Blithe,Floirac,214317
934,Stanton,Saint-Pierre-Montlimart,164236
935,Betta,Oslo,272188
936,Gerik,Storvik,363381
937,Cyndie,Pīshvā,49953
938,Cassie,Donim,145113
939,Kathye,Turkestan,187100
940,Catherina,Talisay,127126
941,Britni,Keffin Hausa,85124
942,Aggie,Baihe,117680
943,Adan,Želetava,15743
944,Kitty,Pelasgía,410030
945,Selie,Dumlan,378852
946,Rudie,Liufu,101512
947,Lane,Allen,221039
948,Benni,Kikinda,422911
949,Abbe,Byahoml’,497280
950,Ernestine,Puerto Parra,167948
951,Sheila,Al Qurayn,201294
952,Penn,Pajung,259190
953,Cele,Langue,225550
954,Alexis,Pámfylla,262004
955,Sidnee,Marseille,260193
956,Tonia,Dushan,360235
957,Kelsey,Lendan,229058
958,Sophia,Lékhaio,294291
959,Domenico,Nangkasari,307344
960,Allys,Quinocay,42590
961,Pollyanna,Miłakowo,41734
962,Reuven,Kępie Żaleszańskie,82717
963,Kirsten,Ungca,37466
964,Augustin,La Unión,357018
965,Lanie,Baitashan,198014
966,Aloysia,Roermond,81646
967,Courtnay,Song’ao,262528
968,Kathryne,Kuantian,32829
969,Alyda,Monte Aprazível,479575
970,Parke,Jinrongjie,105439
971,Donelle,Xujiafang,160310
972,Charlotta,Kayar,418550
973,Brucie,Pameče,214453
974,Padraig,Pingtang,494636
975,Stillmann,Trzciana,418418
976,Isadora,Manghit,103955
977,Case,Fovissste,27940
978,Tabina,Katiola,206381
979,Delano,Xinhuang,297548
980,Arabelle,Toulon,286159
981,Rachelle,Kairouan,454336
982,Viviyan,Krasnoznamensk,326789
983,Kelila,Laško,225613
984,Osmond,Vojkovice,133494
985,Clare,Metković,428561
986,Juana,Karney Shomron,485248
987,Wylie,Biritiba Mirim,216350
988,Keslie,Wonosobo,97161
989,Shannon,Tanggung,113730
990,Addie,Gonghe,443934
991,Lew,Suncun,41146
992,Darci,Linchen,284926
993,Miran,Chaloem Phra Kiat,268201
994,Humphrey,Leleque,373325
995,Rozella,Gennevilliers,166108
996,Linnie,Svilengrad,477508
997,Olga,Mojokerto,187812
998,Rhianon,Lushuihe,472044
999,Dania,Muyuzi,334730
1000,Drew,Tibillo,420996
